#Contig	PrPl	Flow	Read_depth	Length
# 1	0.96	1.7599999999999998	7.02	1500
# 2	0.97	1.7599999999999998	1.76	1500
# 4	0.96	1.7599999999999998	3.49	1500

#Link	Capacity
# (('1', 'h'), ('2', 't'))	1.76
# (('4', 'h'), ('1', 't'))	3.49
# (('2', 'h'), 'T')	1.76
# ('S', ('4', 't'))	3.49

#Contig	PrPl	Flow	Read_depth	Length
# 1	0.96	1.7300000000000004	5.26	1500
# 4	0.96	1.7300000000000004	1.7300000000000004	1500

#Link	Capacity
# (('1', 't'), ('4', 'h'))	1.7300000000000004
# ('S', ('1', 'h'))	5.26
# (('4', 't'), 'T')	1.7300000000000004

