#Contig	PrPl	Flow	Read_depth	Length
# 16	0.96	0.6968356162038682	0.9236398330207624	111539
# 26	0.98	0.6968356162038682	0.9271511032699465	20888
# 27	0.96	0.6968356162038682	1.2124653901898756	18807
# 31	0.95	0.6968356162038682	0.927421886598195	4143
# 33	0.95	0.6968356162038682	0.9842305714048786	3881
# 35	0.96	0.6968356162038682	0.8595634371475849	2656
# 39	0.01	0.6968356162038682	1.9154836096565073	1658

#Link	Capacity
# (('16', 'h'), ('16', 't'))	0.9236398330207624
# (('16', 't'), ('16', 'h'))	0.9236398330207624
# ('S', ('39', 't'))	1.9154836096565073
# (('39', 'h'), ('35', 't'))	0.8595634371475849
# (('35', 't'), ('39', 'h'))	0.8595634371475849
# (('39', 'h'), 'T')	1.9154836096565073
# (('39', 't'), ('31', 't'))	0.927421886598195
# (('31', 't'), ('39', 't'))	0.927421886598195

#Contig	PrPl	Flow	Read_depth	Length
# 16	0.96	0.16272782094371663	0.2268042168168941	111539
# 26	0.98	0.16272782094371663	0.2303154870660783	20888
# 27	0.96	0.16272782094371663	0.5156297739860074	18807
# 31	0.95	0.16272782094371663	0.23058627039432678	4143
# 33	0.95	0.16272782094371663	0.2873949552010103	3881
# 35	0.96	0.16272782094371663	0.16272782094371663	2656
# 39	0.01	0.16272782094371663	1.218647993452639	1658

#Link	Capacity
# (('16', 'h'), ('16', 't'))	0.2268042168168941
# (('16', 't'), ('16', 'h'))	0.2268042168168941
# (('16', 'h'), 'T')	0.2268042168168941
# ('S', ('16', 't'))	0.2268042168168941
# (('39', 'h'), ('35', 't'))	0.16272782094371663
# (('35', 't'), ('39', 'h'))	0.16272782094371663
# (('39', 't'), ('31', 't'))	0.23058627039432678
# (('31', 't'), ('39', 't'))	0.23058627039432678

