#Contig	PrPl	Flow	Read_depth	Length
# 16	0.96	0.9236398330207624	0.9236398330207624	111539
# 26	0.98	0.9236398330207624	0.9271511032699465	20888

#Link	Capacity
# (('16', 't'), ('16', 'h'))	0.9236398330207624
# (('26', 'h'), 'T')	0.9271511032699465
# ('S', ('26', 't'))	0.9271511032699465

#Contig	PrPl	Flow	Read_depth	Length
# 22	0.97	1.1085871266121692	1.1085871266121692	38475

#Link	Capacity
# ('S', ('22', 'h'))	1.1085871266121692
# (('22', 't'), 'T')	1.1085871266121692

#Contig	PrPl	Flow	Read_depth	Length
# 27	0.96	1.2124653901898756	1.2124653901898756	18807

#Link	Capacity
# ('S', ('27', 'h'))	1.2124653901898756
# (('27', 't'), 'T')	1.2124653901898756

#Contig	PrPl	Flow	Read_depth	Length
# 35	0.96	0.8595634371475853	0.8595634371475849	2656

#Link	Capacity
# (('35', 'h'), 'T')	0.8595634371475849
# ('S', ('35', 't'))	0.8595634371475849

#Contig	PrPl	Flow	Read_depth	Length
# 33	0.95	0.9842305714048786	0.9842305714048786	3881

#Link	Capacity
# (('33', 'h'), 'T')	0.9842305714048786
# ('S', ('33', 't'))	0.9842305714048786

#Contig	PrPl	Flow	Read_depth	Length
# 31	0.95	0.9274218865981947	0.927421886598195	4143

#Link	Capacity
# ('S', ('31', 'h'))	0.927421886598195
# (('31', 't'), 'T')	0.927421886598195

#Contig	PrPl	Flow	Read_depth	Length
# 29	0.94	0.9450580100508613	0.9450580100508613	6727

#Link	Capacity
# (('29', 'h'), 'T')	0.9450580100508613
# ('S', ('29', 't'))	0.9450580100508613

#Contig	PrPl	Flow	Read_depth	Length
# 32	0.93	0.998560201545565	0.998560201545565	4082

#Link	Capacity
# ('S', ('32', 'h'))	0.998560201545565
# (('32', 't'), 'T')	0.998560201545565

#Contig	PrPl	Flow	Read_depth	Length
# 36	0.89	1.1973279430502202	1.1973279430502202	2231

#Link	Capacity
# ('S', ('36', 'h'))	1.1973279430502202
# (('36', 't'), 'T')	1.1973279430502202

#Contig	PrPl	Flow	Read_depth	Length
# 39	0.01	1.9154836096565073	1.9154836096565073	1658

#Link	Capacity
# ('S', ('39', 'h'))	1.9154836096565073
# (('39', 't'), 'T')	1.9154836096565073

#Contig	PrPl	Flow	Read_depth	Length
# 28	0.01	0.9654498491154532	0.9654498491154532	13496

#Link	Capacity
# (('28', 'h'), 'T')	0.9654498491154532
# ('S', ('28', 't'))	0.9654498491154532

