#Contig	PrPl	Flow	Read_depth	Length
# 1	0.96	1.7599999999999998	7.02	1500
# 2	0.97	1.7599999999999998	1.76	1500
# 4	0.96	1.7599999999999998	3.49	1500

#Link	Capacity
# (('2', 't'), ('1', 'h'))	1.76
# (('1', 't'), ('4', 'h'))	3.49
# ('S', ('2', 'h'))	1.76
# (('4', 't'), 'T')	3.49

#Contig	PrPl	Flow	Read_depth	Length
# 1	0.96	1.7300000000000004	5.26	1500
# 4	0.96	1.7300000000000004	1.7300000000000004	1500

#Link	Capacity
# (('4', 'h'), ('1', 't'))	1.7300000000000004
# (('1', 'h'), 'T')	5.26
# ('S', ('4', 't'))	1.7300000000000004

