#Contig	PrPl	Flow	Read_depth	Length
# 1	0.96	1.76	7.02	1500
# 2	0.97	1.76	1.76	1500
# 4	0.96	1.76	3.49	1500

#Link	Capacity
# (('2', 't'), ('1', 'h'))	1.76
# (('1', 't'), ('4', 'h'))	3.49
# ('S', ('2', 'h'))	1.76
# (('4', 't'), 'T')	3.49

#Contig	PrPl	Flow	Read_depth	Length
# 1	0.96	1.7300000000000253	5.26	1500
# 4	0.96	1.7300000000000253	1.7300000000000002	1500

#Link	Capacity
# (('1', 't'), ('4', 'h'))	1.7300000000000002
# ('S', ('1', 'h'))	5.26
# (('4', 't'), 'T')	1.7300000000000002

