#Contig	PrPl	Flow	Read_depth	Length
# 1	0.96	1.7600000000000886	7.02	1500
# 2	0.97	1.7600000000000886	1.76	1500
# 4	0.96	1.7600000000000886	3.49	1500

#Link	Capacity
# (('2', 't'), ('1', 'h'))	1.76
# (('1', 't'), ('4', 'h'))	3.49
# ('S', ('2', 'h'))	1.76
# (('4', 't'), 'T')	3.49

#Contig	PrPl	Flow	Read_depth	Length
# 1	0.96	1.7299999999999436	5.259999999999911	1500
# 4	0.96	1.7299999999999436	1.7299999999999116	1500

#Link	Capacity
# (('4', 'h'), ('1', 't'))	1.7299999999999116
# (('1', 'h'), 'T')	5.259999999999911
# ('S', ('4', 't'))	1.7299999999999116

